{
    "BABA": {
        "T=0": {
            "Count": 8192,
            "Loss": 0.7583443224430084,
            "Accuracy": 0.96142578125
        }
    }
}