{
    "BABA": {
        "T=0": {
            "Count": 8192,
            "Loss": 1.223277509212494,
            "Accuracy": 0.8970947265625
        }
    }
}