{
    "BABA": {
        "T=0": {
            "Count": 8192,
            "Loss": 1.2232773825526237,
            "Accuracy": 0.8970947265625
        }
    }
}